"1991","1992","1993","1994","1995","1996","1997","1998","1999","2000","2001","2002","2003","2004","2005","2006","2007","2008","2009","2010"
28,12,32,28,36,10,20,20,22,70,14,40,50,12,24,30,16,36,34,32
16,22,20,6,20,10,12,60,12,22,26,22,30,42,6,16,2,48,14,22
38,48,57,72,70,62,72,36,64,64,64,34,30,32,58,70,52,46,73,54
40,25,64,76,62,30,32,46,40,38,50,50,35,17,22,40,34,52,60,34
39,16,20,28,38,28,39,32,26,60,26,22,40,32,25,52,28,42,71,26
44,18,36,40,31,24,30,6,14,70,14,4,6,44,16,52,24,36,22,18
22,18,32,28,38,44,42,30,30,26,28,8,20,42,28,56,24,26,17,18
14,14,13,12,8,14,16,4,16,26,4,6,14,8,18,32,16,15,14,12
24,12,8,36,34,21,8,12,14,22,24,4,10,4,34,22,39,26,22,6
8,14,10,26,24,8,18,10,10,14,4,10,43,10,52,40,20,34,12,4
16,30,22,22,13,25,12,18,8,24,18,18,26,10,42,34,32,60,20,30
13,10,49,18,8,12,12,18,10,8,18,12,24,10,34,32,34,12,24,32
76,52,32,22,22,38,36,68,34,46,62,36,60,38,56,38,54,58,38,30
50,32,28,24,44,35,64,62,50,57,36,32,36,50,74,75,42,58,58,30
36,36,34,42,56,64,89,44,20,74,24,20,46,10,86,40,36,20,12,32
31,28,18,40,56,62,58,158,66,72,61,61,48,36,34,48,56,40,72,35
26,22,31,28,55,24,30,52,40,72,96,54,38,24,24,34,28,48,30,33
50,74,30,84,0,18,37,42,72,42,60,36,38,46,55,46,31,48,52,36
0,0,0,0,0,0,10,54,38,44,52,34,58,28,34,34,28,42,20,36
12,30,24,28,37,30,30,32,17,58,30,20,34,30,33,38,28,26,14,8
32,39,14,10,41,30,18,50,40,44,36,50,62,70,38,40,28,30,42,22
10,12,8,8,10,6,10,18,62,32,12,14,26,18,30,26,20,44,16,17
24,32,6,32,24,4,33,12,30,28,10,8,36,12,34,36,50,26,52,0
18,18,10,30,26,6,22,56,32,36,6,22,26,20,58,66,34,54,26,32
28,24,26,40,16,26,22,46,30,44,34,22,26,22,24,50,8,26,30,34
10,2,22,14,6,14,2,23,12,16,4,16,14,11,36,16,26,30,10,26
38,24,20,30,30,26,36,32,59,22,42,18,24,58,30,52,38,40,39,18
36,40,19,22,18,18,24,18,14,40,39,14,31,24,44,42,30,46,16,24
8,36,22,30,14,12,40,26,36,34,20,4,22,50,38,58,26,54,34,18
36,36,20,2,45,28,30,36,42,24,28,8,14,30,38,64,38,58,22,44
24,38,18,23,36,42,50,58,86,48,38,18,16,22,38,32,60,92,42,49
59,30,43,20,30,30,42,70,101,38,40,70,44,38,66,52,36,58,20,36
48,52,53,44,100,30,58,0,102,54,52,53,36,38,38,58,57,36,14,42
45,44,14,24,22,11,28,28,46,22,24,8,36,38,55,58,26,30,12,12
62,62,60,62,80,30,42,42,52,92,60,56,32,51,46,26,32,90,40,36
22,45,40,38,56,31,54,97,50,66,68,39,58,44,41,26,28,32,26,24
58,37,36,46,36,54,52,46,49,36,46,70,28,82,26,18,28,52,28,71
44,53,37,32,54,14,26,85,34,26,6,39,32,78,34,16,42,32,29,6
34,32,34,6,32,28,60,36,41,40,30,22,24,52,46,35,18,26,26,20
33,60,54,38,58,33,44,22,52,29,22,59,15,126,40,2,18,58,44,58
36,16,18,16,32,63,18,32,30,64,36,20,22,60,30,36,20,54,30,26
26,60,51,20,40,22,58,90,38,56,38,29,24,57,26,14,26,40,26,26
42,36,28,29,32,20,36,76,32,36,10,54,18,18,20,28,14,38,12,42
44,37,28,28,24,26,42,82,72,20,43,46,26,66,30,48,32,40,30,34
28,58,18,39,64,12,26,42,46,26,26,69,36,48,26,24,20,46,34,37
2,6,8,18,15,12,35,16,6,12,8,14,8,4,24,56,52,16,0,2
0,6,18,4,0,4,22,10,4,10,0,12,26,4,4,42,28,24,0,16
8,6,16,4,0,10,34,12,4,46,12,2,20,6,22,44,43,26,12,22
0,10,22,26,20,30,36,34,10,16,12,0,8,12,16,22,28,26,20,22
14,28,16,14,40,8,28,34,58,26,50,30,14,18,30,36,56,64,28,26
0,0,6,10,2,10,23,10,13,4,8,2,10,4,4,14,18,26,6,12
4,4,28,12,10,8,28,12,32,18,18,12,24,22,11,43,44,68,36,18
8,4,8,16,6,8,18,10,22,14,24,8,40,30,28,36,14,26,16,12
26,44,38,20,28,28,76,84,76,52,20,20,52,82,62,38,44,60,64,30
16,12,10,12,16,8,14,36,47,38,18,26,40,18,26,26,20,48,22,20
8,4,4,6,2,6,14,2,8,25,10,12,4,6,9,24,0,8,8,4
10,20,12,20,20,12,26,30,10,16,6,16,34,42,26,10,0,18,22,30
22,14,18,18,28,24,34,16,14,36,12,16,30,20,18,18,44,48,16,24
6,4,8,4,4,10,8,10,0,2,4,0,8,2,8,10,13,8,10,2
14,4,14,10,26,18,28,14,24,24,16,12,24,18,6,20,22,42,10,4
6,4,14,2,16,22,32,14,12,18,4,0,10,4,10,6,30,22,4,10
16,9,30,34,24,28,28,22,14,34,20,16,30,12,34,38,66,36,6,10
8,14,40,36,10,22,40,20,10,40,8,18,6,12,20,26,32,38,6,38
0,12,32,24,6,6,30,4,4,2,8,2,8,12,8,16,14,10,8,18
2,10,14,14,10,22,4,10,30,22,10,10,2,12,16,34,25,12,14,10
0,14,28,32,30,27,44,18,18,31,71,6,30,6,48,78,62,48,22,10
6,28,24,12,12,6,46,24,14,30,4,2,26,2,20,52,30,46,2,12
8,12,28,4,6,12,16,4,14,14,0,4,20,2,36,54,47,16,2,10
4,46,42,12,33,8,16,20,18,42,20,0,16,8,80,42,40,22,16,6
6,30,40,18,19,12,16,8,12,66,18,14,36,34,42,37,20,20,20,24
20,10,24,18,40,8,26,12,16,50,8,26,16,50,16,30,24,26,6,12
12,28,22,10,26,14,30,43,32,30,24,12,26,13,14,18,25,24,32,22
16,26,47,33,26,32,30,46,38,70,34,26,40,24,26,72,32,70,59,14
8,40,10,10,24,6,8,24,36,22,16,6,18,34,26,22,12,28,22,16
26,18,20,16,30,36,20,20,14,18,10,12,32,18,30,38,23,34,40,26
40,39,24,38,32,28,16,22,50,26,24,36,34,22,34,40,34,48,36,30
4,4,12,14,16,18,4,47,22,22,6,2,24,14,24,50,44,24,22,24
4,2,12,16,8,14,6,20,8,14,8,8,10,20,12,49,26,28,14,22
4,10,2,18,4,2,4,2,16,6,6,6,4,16,6,18,4,8,16,30
12,4,12,2,10,22,12,12,8,6,50,10,16,68,22,62,40,14,41,31
34,4,26,34,14,16,26,34,34,60,75,34,40,64,50,44,30,36,30,14
30,14,40,36,36,18,20,62,22,16,20,24,20,52,26,38,10,20,38,28
0,6,0,4,6,14,12,12,12,6,4,2,6,58,20,42,12,8,6,12
0,12,4,4,8,14,10,16,10,0,6,0,8,32,4,44,6,12,10,20
0,6,0,4,6,2,8,20,20,10,2,2,16,22,12,20,4,4,2,0
8,2,0,24,14,10,32,12,24,4,9,4,8,52,30,46,14,22,10,23
2,0,0,0,4,4,8,0,4,13,6,6,4,4,6,18,4,2,0,0
0,0,14,20,2,16,4,12,10,0,0,4,10,14,8,34,8,10,2,0
0,6,10,4,12,2,12,12,14,8,6,4,4,22,12,34,60,10,2,10
20,20,26,24,22,19,30,28,14,22,16,14,14,28,32,44,46,50,44,70
30,25,30,46,40,12,52,28,38,36,44,28,29,46,34,44,21,24,30,37
18,18,20,27,20,16,32,45,22,46,44,24,28,44,20,64,24,40,24,20
6,2,4,6,4,6,30,28,12,28,15,8,6,22,4,32,18,40,16,8
4,0,4,8,2,8,8,8,2,8,8,0,18,6,4,14,10,8,6,2
10,4,20,18,6,14,18,22,22,40,26,18,30,10,6,54,48,60,42,59
24,10,8,20,8,20,24,26,16,44,22,6,16,14,12,34,16,24,10,24
49,19,30,49,12,20,34,58,32,36,18,18,34,26,28,52,52,62,50,60
15,0,18,28,18,10,20,38,10,6,34,16,20,30,56,45,28,30,28,24
14,18,16,26,26,6,50,12,28,36,14,6,32,48,26,51,38,30,36,34
4,4,39,12,16,14,26,28,18,30,4,4,16,28,14,40,34,16,12,22
2,21,6,12,0,8,10,10,16,10,8,8,13,2,10,12,10,10,20,22
0,0,6,2,0,6,20,2,2,2,0,0,18,16,2,34,18,4,6,4
0,0,2,0,0,2,4,2,2,2,4,2,6,2,0,38,12,4,4,6
0,0,2,0,4,0,10,6,6,0,0,2,4,8,0,38,6,8,0,12
10,2,0,0,4,2,6,8,4,0,2,2,2,8,4,26,4,12,6,2
18,20,14,36,38,33,36,26,16,20,14,22,6,40,36,24,12,14,52,12
25,12,14,54,52,45,2,12,2,6,18,20,34,14,24,32,28,14,22,38
10,12,14,32,36,19,46,75,12,34,8,4,58,28,42,50,18,46,30,18
21,20,34,30,10,26,63,60,10,46,44,33,43,44,92,34,40,28,14,72
46,28,18,32,47,27,18,18,20,20,16,12,18,28,26,46,2,10,8,14
2,13,14,26,26,32,28,12,2,6,4,18,20,6,2,20,10,6,40,22
4,8,22,31,20,44,10,12,8,6,2,4,42,34,14,10,10,14,6,36
13,4,14,24,4,10,10,8,4,0,0,10,30,22,6,2,8,4,8,16
18,6,24,18,8,10,16,12,4,12,12,2,6,26,14,6,8,6,26,12
6,4,10,12,4,4,12,0,0,2,4,4,6,2,4,8,10,10,6,2
2,4,0,14,2,13,4,2,2,10,6,2,0,22,4,8,8,10,14,4
2,12,6,10,10,4,18,2,8,6,12,2,10,22,18,18,2,4,0,0
8,2,4,14,2,10,6,0,0,0,0,0,18,4,4,4,6,4,10,38
10,0,6,6,4,11,40,2,0,4,4,4,14,6,13,12,0,6,16,20
6,0,12,12,12,40,50,4,6,2,0,6,8,14,8,14,12,8,2,12
20,12,12,10,54,34,38,16,24,22,18,20,44,30,32,110,32,16,34,52
41,38,53,36,46,56,80,64,36,100,32,24,22,46,24,44,22,68,30,40
0,0,9,12,12,22,18,0,6,8,14,10,14,2,12,18,12,6,21,8
4,0,2,8,6,10,16,4,6,4,8,24,10,12,4,22,2,6,16,10
8,2,10,14,19,14,36,12,14,18,8,23,22,6,14,18,10,6,16,22
12,20,8,16,14,6,10,14,52,2,18,17,20,18,26,28,10,8,30,18
2,8,12,6,10,2,4,8,8,4,12,2,0,12,2,4,6,16,18,13
8,0,6,18,22,22,18,28,10,14,12,12,25,20,40,24,18,12,32,28
18,8,14,6,2,8,0,12,12,12,4,14,6,4,14,4,2,8,16,8
12,10,40,18,22,24,36,14,10,18,12,8,22,26,22,74,8,24,24,36
8,10,18,26,46,32,19,20,4,6,24,8,24,60,20,14,16,26,12,30
9,38,42,22,14,26,26,18,12,14,0,10,24,56,16,28,24,14,34,16
14,10,23,42,47,34,29,12,18,18,12,6,20,32,62,34,10,22,12,44
36,16,28,30,45,48,24,8,26,24,14,6,28,52,44,8,22,51,30,32
0,4,0,4,2,10,22,10,2,8,2,8,4,26,12,20,6,2,6,4
8,2,4,20,8,8,18,14,6,6,2,2,6,36,20,10,4,16,6,8
4,10,8,12,16,22,12,10,8,0,4,10,4,28,22,24,16,14,20,26
10,0,2,4,2,10,10,6,2,2,0,0,2,16,10,26,2,10,11,12
4,14,4,26,4,15,10,16,6,6,10,19,20,40,38,45,22,36,12,22
2,4,8,0,2,6,6,14,4,2,6,2,12,12,6,18,4,8,2,40
2,2,4,0,0,22,20,0,6,2,4,2,10,2,8,28,8,10,10,24
0,0,12,0,8,14,14,22,4,12,6,4,10,16,4,20,18,4,10,10
14,8,24,10,12,24,18,28,16,12,10,14,14,14,4,60,20,26,18,20
4,44,21,15,16,34,65,20,20,41,14,2,8,10,16,18,52,48,22,22
6,25,36,38,64,80,58,22,42,38,24,6,28,6,50,28,58,68,36,44
2,20,22,42,34,56,38,4,36,26,22,8,10,14,73,20,108,68,42,50
6,38,21,24,12,18,20,10,6,12,2,2,14,8,6,18,40,32,33,24
12,14,14,12,10,14,12,4,6,16,26,2,8,0,14,12,34,24,10,16
6,21,10,16,18,27,26,22,28,40,32,0,26,16,40,62,55,66,24,10
10,12,16,24,22,30,20,20,38,52,16,6,36,10,42,36,46,64,52,22
32,30,10,34,28,32,28,22,30,32,18,20,10,6,38,44,80,38,44,48
22,50,12,30,45,38,41,24,34,28,8,4,18,18,59,64,50,38,22,36
22,29,22,36,28,39,49,56,20,50,50,18,50,34,58,58,44,46,36,54
28,22,26,35,43,58,75,14,47,22,10,2,13,8,18,66,34,24,19,24
47,31,18,18,48,42,44,22,46,22,10,20,19,16,12,16,16,38,30,28
18,24,22,22,37,30,32,40,44,66,36,10,65,34,28,70,48,46,76,54
29,34,30,42,42,50,30,69,34,34,33,6,8,13,48,24,36,50,28,15
10,16,18,24,26,22,28,24,12,20,22,4,10,4,36,22,10,40,22,37
12,2,0,8,22,4,6,4,19,11,36,2,10,6,8,8,4,8,6,12
32,36,34,24,32,48,24,20,12,28,22,38,32,15,10,38,22,50,0,22
10,18,28,14,6,16,6,22,12,18,16,10,14,12,16,22,12,8,24,14
65,83,34,42,41,42,25,26,32,43,95,42,23,32,66,61,52,52,30,46
26,26,14,28,20,8,6,14,14,24,14,18,15,22,40,24,36,34,28,37
59,8,10,26,37,32,12,38,60,18,22,62,22,42,28,34,30,40,48,58
46,44,42,31,12,26,14,35,53,26,32,42,20,48,38,18,52,24,36,36
59,49,36,18,36,24,20,69,40,36,34,30,14,26,12,26,37,30,28,38
28,12,8,13,27,40,22,20,30,30,8,18,8,26,8,21,6,22,16,26
48,30,50,30,51,30,52,32,38,68,50,76,50,32,61,31,38,40,48,48
40,30,38,16,28,91,64,50,50,44,38,48,44,40,30,22,24,26,54,62
36,22,52,30,75,67,40,58,50,62,39,25,38,30,73,24,70,64,22,32
8,18,13,12,38,32,35,20,28,30,18,18,40,26,22,28,24,6,12,34
41,16,17,12,37,42,16,49,18,12,24,31,58,19,18,22,41,30,18,68
4,12,6,30,46,51,28,34,58,14,18,18,73,41,58,74,84,42,58,89
8,25,10,10,38,28,20,22,34,20,22,16,50,28,18,35,32,60,44,75
47,58,34,31,72,68,95,119,109,98,86,52,73,54,28,32,70,71,52,64
10,24,10,15,54,78,56,40,44,28,24,34,34,24,24,73,94,54,24,16
2,2,14,8,20,24,12,10,18,10,4,8,18,10,18,8,10,34,6,8
38,22,16,18,22,56,48,70,50,42,48,56,41,26,24,40,70,26,26,66
14,58,34,42,77,102,42,122,66,130,96,34,62,48,54,50,84,119,77,46
24,10,32,60,28,39,42,32,36,46,46,24,35,22,30,36,37,34,20,73
16,39,18,44,81,87,88,94,76,115,132,42,50,47,36,22,20,40,50,44
24,52,30,38,84,49,72,44,99,73,52,66,92,64,27,46,52,16,54,76
34,42,6,47,106,66,84,66,139,150,117,134,92,103,41,37,46,36,22,38
20,30,39,43,77,77,47,46,58,53,50,53,58,76,22,18,14,24,12,31
8,2,12,6,16,8,30,40,32,38,12,16,38,10,10,0,12,6,2,28
6,20,6,4,16,8,16,12,28,33,30,16,22,10,28,23,30,16,6,10
12,17,4,8,25,10,26,20,44,24,12,22,38,45,20,14,24,26,21,54
2,4,2,6,10,2,0,4,4,6,4,10,19,24,16,8,8,6,2,8
4,4,16,16,30,12,6,6,18,20,20,10,20,6,8,6,10,18,10,10
6,10,13,27,16,8,6,9,32,6,14,12,6,2,12,24,18,2,10,10
4,6,12,0,6,10,8,2,10,8,16,2,14,10,4,6,4,4,6,14
12,12,16,20,36,36,34,44,74,42,32,22,46,22,46,30,28,18,16,16
22,30,12,12,30,56,20,26,28,38,52,26,36,20,36,22,32,18,14,31
34,64,8,60,81,57,40,86,82,54,84,60,42,44,36,36,38,30,16,52
4,10,6,4,16,42,20,31,48,46,40,10,40,18,26,18,20,12,2,28
12,4,6,2,6,10,8,14,22,16,22,10,10,10,18,12,2,8,8,8
6,4,2,0,18,14,6,8,10,8,6,18,6,6,8,6,12,10,28,8
16,2,2,12,10,14,16,16,22,6,12,16,16,18,28,15,20,14,6,20
8,10,12,12,18,14,14,20,22,10,30,21,12,16,26,26,38,6,16,58
14,16,12,12,14,28,16,10,28,18,24,24,39,58,26,48,36,14,22,26
24,16,10,27,26,32,23,26,28,28,38,20,30,22,22,14,36,10,0,12
44,90,36,42,42,56,86,30,54,24,32,18,48,34,32,26,28,40,34,34
26,33,12,30,36,62,72,52,90,40,50,52,33,62,44,20,54,36,20,26
21,50,12,30,10,32,62,54,60,40,48,76,60,60,32,30,20,26,36,38
18,20,8,16,36,68,66,68,44,66,26,60,84,54,44,24,44,24,26,28
26,18,14,18,20,46,32,30,42,20,16,27,46,38,46,51,41,28,14,37
28,6,26,22,12,34,28,54,32,30,32,37,66,48,40,60,44,6,44,34
28,22,22,20,44,65,36,56,17,28,66,42,39,38,58,35,40,16,24,34
71,20,28,40,54,88,88,83,82,62,53,62,81,88,124,66,84,44,68,62
14,40,16,30,46,20,42,45,40,54,66,42,37,52,54,48,48,32,34,44
34,20,20,20,26,58,22,36,30,26,40,18,40,34,24,24,24,10,18,26
28,39,18,54,82,78,100,118,96,107,108,95,38,62,74,56,66,20,56,42
4,12,8,38,30,44,72,54,50,58,107,44,48,48,71,40,64,6,56,14
26,4,14,37,14,50,42,54,46,42,72,23,44,58,62,35,54,10,18,26
12,4,4,18,2,34,24,10,36,24,42,14,72,79,38,28,14,8,30,18
8,18,20,44,8,46,44,38,20,34,42,16,62,54,53,24,40,14,38,36
20,6,2,12,12,28,18,16,16,30,24,16,82,32,28,52,10,26,14,24
8,20,12,20,12,34,28,30,18,6,12,8,58,38,52,20,16,6,28,14
14,18,28,24,38,36,6,28,36,44,44,30,28,38,28,24,26,38,44,64
35,18,32,24,54,63,36,50,61,52,38,14,40,26,28,49,62,16,12,44
16,6,8,24,2,39,39,36,38,22,27,17,28,18,30,18,18,8,10,12
14,12,6,28,12,40,30,40,50,36,70,26,48,18,26,28,70,16,24,22
24,82,14,18,27,44,52,58,80,60,37,34,88,38,20,30,38,30,24,36
14,55,15,2,16,16,34,16,80,20,53,14,40,36,22,24,40,12,12,12
18,28,18,24,12,26,48,24,46,35,18,8,40,22,20,14,36,10,12,24
10,14,6,28,20,32,36,10,20,20,38,24,8,32,32,22,18,20,12,24
4,4,18,10,12,24,10,6,18,18,38,8,12,16,18,6,14,21,18,10
2,15,16,75,42,156,110,100,94,88,90,24,51,54,56,29,46,30,38,34
18,10,36,41,38,48,80,82,66,70,58,6,16,36,20,38,52,20,22,16
18,40,56,22,28,64,38,43,50,40,34,4,38,34,52,50,30,22,30,28
14,8,10,32,16,36,20,4,28,41,26,8,38,20,42,24,32,12,18,36
10,14,6,24,32,22,20,10,38,24,18,18,20,32,46,28,60,10,22,32
14,8,6,14,20,36,37,10,54,38,20,16,16,14,20,16,26,20,4,6
10,10,4,14,6,36,16,28,30,27,44,24,34,10,22,46,16,28,20,19
6,2,2,14,10,56,42,38,46,28,38,20,24,16,20,22,30,14,12,16
12,22,18,36,33,92,125,98,70,104,72,36,46,50,53,58,64,36,16,32
27,13,10,8,14,18,32,32,38,18,32,20,28,12,44,32,24,14,10,30
28,44,20,24,26,44,58,60,50,46,28,14,32,16,40,62,49,12,12,42
24,46,44,34,28,44,66,64,58,56,68,46,54,62,42,38,48,22,34,65
28,10,25,18,22,59,52,20,24,22,24,14,46,28,21,8,33,14,14,20
0,0,6,12,7,26,22,14,20,22,22,14,24,10,22,10,20,10,8,2
2,22,6,24,18,74,52,38,66,32,40,18,54,28,26,38,24,22,40,18
14,16,16,26,40,45,48,46,54,22,72,24,8,32,22,20,32,24,30,30
6,14,20,34,36,46,48,70,72,46,36,12,26,32,18,36,24,14,18,54
2,4,26,22,21,26,40,16,66,14,16,10,12,10,22,20,4,2,6,14
34,46,55,26,40,38,37,76,70,75,66,32,24,52,44,28,32,22,30,42
12,42,53,44,36,38,68,62,81,86,66,40,56,26,39,70,46,28,26,26
4,28,12,19,14,10,20,26,56,31,34,30,36,4,16,28,20,12,14,6
6,12,0,6,8,16,24,10,30,16,0,6,8,8,4,10,4,2,4,8
10,4,12,6,10,22,10,4,16,6,40,4,6,9,16,12,30,18,16,20
10,12,12,40,24,44,62,38,56,52,50,6,62,40,30,39,30,30,14,16
2,16,16,20,24,24,20,34,48,20,12,16,36,28,16,31,18,12,26,44
6,0,6,4,6,24,22,54,28,40,10,0,20,2,26,18,18,8,22,10
4,14,11,18,14,42,58,22,20,28,12,2,56,18,28,38,50,15,16,31
4,11,4,22,10,26,39,25,34,12,21,8,34,10,24,24,10,10,22,14
22,16,6,17,16,8,28,48,26,12,22,16,28,18,28,18,24,22,14,12
4,8,22,6,14,16,44,37,18,14,2,4,20,6,24,12,8,16,44,0
12,6,10,8,8,12,8,0,38,46,8,18,18,14,18,12,16,16,12,2
12,64,38,38,78,44,44,64,66,76,32,28,58,26,30,44,44,12,22,38
16,26,10,24,16,24,38,52,48,52,54,20,38,10,32,48,40,36,38,16
14,8,0,22,24,6,4,20,12,16,4,2,8,4,10,8,8,24,4,6
16,24,30,16,32,20,18,28,28,26,26,20,18,10,10,16,16,16,16,32
39,24,28,23,43,46,56,36,36,70,54,8,16,14,22,20,46,34,30,22
2,4,4,30,32,52,50,58,28,10,10,2,32,6,24,12,26,44,8,16
2,5,6,6,17,26,40,24,10,35,10,2,30,10,33,14,18,14,12,14
2,0,8,2,6,4,18,4,4,8,2,2,18,2,4,10,4,2,4,2
0,0,0,6,0,6,4,0,8,2,0,0,18,4,0,0,0,0,0,0
4,2,0,6,2,4,20,10,8,2,0,2,14,2,2,4,2,2,0,2
12,24,12,18,34,26,32,18,27,62,26,16,34,16,34,28,68,24,45,20
26,72,28,32,34,55,41,52,34,84,36,6,100,39,36,74,90,74,46,30
42,53,12,38,34,46,31,73,59,52,50,8,46,10,28,93,36,76,32,36
2,38,18,24,28,26,50,56,66,58,34,4,41,2,29,50,42,64,68,34
10,18,6,2,38,37,25,63,22,58,34,12,28,6,26,51,58,72,30,34
4,6,14,30,14,24,48,42,28,42,18,2,20,8,16,44,28,31,4,12
4,8,14,20,0,28,48,6,20,20,12,6,24,10,6,14,10,6,4,2
6,6,18,57,12,28,28,47,40,30,2,0,26,14,28,25,17,6,0,6
0,4,0,4,10,4,8,10,38,14,4,4,6,14,0,38,28,6,10,2
2,7,5,22,4,18,12,10,28,21,22,2,16,12,22,20,6,23,14,16
27,54,32,60,64,77,68,98,70,98,125,59,38,74,44,40,80,0,140,100
4,50,18,26,29,47,28,56,43,52,22,10,16,22,20,40,66,0,46,66
6,25,10,19,16,28,26,20,16,36,34,2,28,4,44,28,30,0,26,36
12,34,32,38,26,60,38,44,14,36,14,4,26,12,36,38,42,28,6,8
12,30,16,43,37,42,41,44,18,60,32,8,16,6,32,32,47,46,36,28
0,0,0,63,12,18,20,2,28,8,8,2,4,4,28,20,20,14,2,0
4,6,32,18,20,20,34,36,68,40,4,0,14,0,16,34,34,40,16,6
6,12,12,75,28,58,40,28,60,26,22,6,51,12,42,42,30,36,24,12
4,8,14,10,4,10,8,44,30,44,10,14,10,2,14,36,10,8,18,28
32,2,20,30,26,32,18,24,36,27,22,10,10,4,36,32,32,52,22,6
4,34,40,96,86,118,108,100,100,65,50,18,38,82,60,62,70,94,92,91
22,84,84,85,84,128,86,145,118,93,122,54,62,74,46,68,92,96,64,94
24,62,18,18,20,53,53,32,46,54,40,34,16,22,58,40,35,48,20,59
2,0,0,8,10,18,8,8,14,12,6,35,6,0,12,20,22,6,12,10
2,20,21,14,13,26,32,32,48,42,39,18,46,2,30,40,24,18,20,18
6,31,18,12,8,26,16,24,14,26,22,12,34,4,26,28,26,36,28,12
6,8,8,21,10,20,18,12,37,12,12,6,39,8,24,22,22,16,6,28
16,8,6,28,2,10,14,9,36,26,12,13,18,6,20,28,12,30,12,10
4,8,4,6,0,12,20,6,24,24,10,6,20,10,14,20,24,24,10,4
4,10,14,20,16,20,32,16,32,40,28,20,29,10,6,38,26,36,24,12
0,0,0,0,0,0,0,0,0,18,4,2,10,6,4,20,24,22,4,6
20,26,26,30,37,78,38,24,66,36,18,14,30,20,36,81,42,50,56,66
4,28,10,12,40,28,10,52,17,24,6,8,20,6,2,12,8,12,8,2
8,20,16,22,10,12,10,20,52,36,0,0,32,0,19,44,50,60,22,10
24,34,16,47,28,34,28,32,52,40,26,24,28,20,36,32,22,36,40,30
2,14,18,22,52,48,41,20,38,42,30,10,67,14,12,53,40,48,28,28
9,7,16,44,2,16,20,4,8,12,30,0,22,4,6,24,26,26,32,6
6,6,10,32,30,37,21,10,36,4,12,4,45,0,8,42,35,48,32,62
4,14,26,36,8,42,12,33,38,32,16,18,48,10,46,60,59,62,30,32
6,12,14,34,2,38,28,19,32,14,6,2,36,8,18,36,22,52,20,6
22,39,10,48,22,34,36,34,63,44,46,36,55,54,84,52,94,22,14,18
10,0,0,12,8,32,64,12,2,14,0,6,40,70,42,10,28,2,0,8
4,6,8,18,6,22,52,24,6,6,2,0,34,44,18,16,34,2,2,4
6,16,4,10,8,22,20,2,16,4,12,2,16,32,14,10,22,4,0,10
30,14,21,32,11,18,20,10,36,24,4,14,40,36,18,20,60,8,8,12
4,10,0,8,10,12,18,8,12,2,0,18,8,10,18,24,40,8,14,10
28,2,2,0,8,19,20,18,8,14,10,13,26,4,8,20,20,8,14,6
8,2,4,16,6,10,16,10,14,2,10,14,12,36,4,0,30,8,2,2
11,4,18,12,12,36,38,26,30,49,51,38,52,78,42,56,52,24,58,20
16,8,14,12,26,16,26,14,15,16,18,34,54,28,12,28,16,20,39,12
2,2,2,2,6,10,14,10,12,6,12,10,10,16,23,10,19,12,12,8
10,6,26,20,17,6,18,8,16,4,6,8,30,16,14,12,18,16,6,10
12,16,14,34,17,26,50,14,10,18,14,6,26,31,48,26,24,6,12,14
10,2,16,20,40,20,38,35,38,38,30,8,20,22,10,28,24,48,2,14
6,6,11,20,4,18,24,2,20,2,2,2,34,8,8,10,20,10,6,12
4,10,0,6,10,10,10,2,8,6,14,10,8,6,14,24,26,4,0,8
0,0,2,8,4,16,8,10,6,2,0,2,4,4,12,0,0,4,0,0
4,0,4,14,6,40,40,36,14,16,12,2,16,42,36,30,43,32,14,30
2,0,0,2,8,0,4,2,10,2,2,2,6,2,4,0,0,8,0,0
0,0,0,2,2,42,38,30,16,4,2,4,0,8,18,8,24,4,2,6
18,52,5,10,24,38,49,56,62,76,61,44,37,74,38,92,64,30,16,20
51,41,23,36,36,46,57,109,117,92,72,98,74,82,84,84,73,72,48,36
18,24,6,10,20,28,25,38,46,56,62,20,53,54,66,42,55,42,2,8
32,38,8,21,46,42,42,102,74,78,132,76,46,108,83,94,80,48,63,46
30,39,10,36,37,56,70,84,105,78,104,76,74,66,78,58,58,72,56,48
36,37,31,22,24,50,42,0,58,77,52,14,20,48,56,45,76,10,36,36
24,24,6,20,14,43,20,27,48,32,26,6,12,10,54,26,24,20,8,12
6,20,22,2,26,37,28,34,29,24,38,10,26,30,20,43,33,16,28,16
28,16,0,0,14,18,20,12,22,30,12,10,4,28,20,34,28,0,8,8
16,30,0,2,17,16,36,36,32,36,36,18,22,18,43,32,28,32,30,20
46,64,22,15,54,42,46,112,50,94,114,48,59,66,87,95,65,126,56,62
10,12,0,22,24,8,28,14,8,30,30,4,20,10,22,54,8,26,22,8
16,39,16,8,30,22,58,108,88,54,56,39,52,58,70,60,85,54,55,52
34,34,2,24,28,58,26,56,88,36,53,12,59,46,32,62,50,31,32,58
44,50,41,14,28,30,44,64,91,48,81,28,56,60,49,52,54,46,46,77
34,48,24,12,54,74,76,174,82,127,101,64,62,76,76,82,96,84,80,62
20,54,33,12,56,50,38,122,114,164,86,94,34,112,64,98,76,94,104,73
24,30,34,12,78,44,52,50,94,82,118,49,48,102,60,82,98,121,58,32
30,20,12,4,16,20,18,12,46,34,30,18,14,66,16,34,70,30,24,14
22,34,18,12,28,40,29,46,76,52,46,42,34,64,54,40,34,66,36,36
34,55,18,20,42,48,38,62,121,50,94,35,52,60,58,66,87,72,36,42
36,66,14,14,36,40,33,52,100,44,93,54,72,68,32,69,72,96,28,54
34,33,26,24,34,59,27,33,48,38,90,46,36,44,16,30,50,50,10,14
27,42,34,38,36,50,48,78,87,100,113,77,50,68,48,81,86,102,30,50
30,30,10,18,46,28,50,98,92,100,70,94,22,60,44,42,57,86,26,26
18,38,4,14,34,44,52,100,68,122,57,28,57,44,36,65,81,50,42,68
32,22,12,26,36,32,12,38,66,72,40,32,60,30,40,68,115,60,37,42
22,10,23,26,18,28,20,34,44,68,32,20,47,40,58,99,50,48,16,18
30,28,46,66,71,52,38,58,99,80,58,48,40,42,57,90,62,40,28,44
14,16,20,22,12,18,22,20,44,26,34,20,44,25,16,44,70,20,30,24
30,34,14,51,40,40,30,40,64,28,38,44,22,38,30,38,68,54,50,50
20,26,30,22,70,32,22,0,65,59,53,22,55,26,18,48,30,36,40,36
10,22,8,8,52,55,30,38,89,45,76,38,66,48,22,61,52,67,30,28
34,50,44,36,20,58,44,84,86,100,52,105,51,38,48,21,63,62,26,32
22,25,26,16,52,22,37,157,80,88,79,91,73,56,46,64,51,176,60,48
66,34,10,26,26,14,64,124,120,56,72,133,40,76,58,61,83,84,48,37
34,32,16,20,36,48,31,66,56,73,46,108,36,68,60,52,46,68,52,24
22,46,28,30,20,42,14,64,85,26,36,37,38,46,30,68,88,36,34,0
22,52,32,38,28,31,26,46,60,35,30,28,56,46,28,50,51,36,30,10
6,6,2,14,12,46,24,72,64,54,72,8,67,62,59,66,56,10,14,20
6,12,4,13,14,40,36,28,59,86,44,20,42,22,46,59,60,32,46,18
30,14,18,26,22,44,28,42,74,122,58,44,34,24,12,32,54,22,22,20
16,18,12,11,15,20,20,32,74,74,46,18,34,40,70,59,30,24,18,24
8,8,8,10,33,48,54,34,62,142,104,16,50,44,46,74,50,32,32,15
4,22,2,46,65,22,67,66,94,188,119,36,47,40,103,70,65,16,22,24
10,60,12,12,34,38,40,60,66,126,34,52,94,56,52,83,68,36,24,40
24,70,38,25,65,38,56,42,28,92,22,12,66,28,32,42,56,24,12,26
72,64,14,42,46,54,71,90,103,116,78,22,80,32,63,30,38,22,22,4
18,24,16,44,56,44,65,66,146,213,90,82,83,30,63,52,41,20,42,26
44,80,17,15,42,36,58,16,132,220,78,76,56,90,58,111,52,62,8,38
24,24,6,12,28,48,22,22,28,34,30,26,24,28,38,44,30,44,22,8
21,8,2,6,4,10,28,14,27,28,26,6,10,14,26,12,6,22,8,4
74,113,59,22,51,52,48,72,98,150,68,55,62,48,44,65,72,47,28,10
28,81,14,38,24,69,76,82,102,233,110,104,64,82,64,46,46,58,54,29
16,28,4,6,36,38,28,36,60,38,76,70,30,66,80,60,52,84,52,28
22,36,22,32,36,36,16,109,44,118,40,60,54,52,52,30,71,77,16,24
24,89,18,10,10,46,34,52,50,144,34,68,23,88,30,30,66,62,38,20
18,82,14,8,8,62,28,36,62,40,38,38,44,32,42,20,34,28,22,18
24,71,20,28,30,76,46,14,60,48,76,34,20,72,64,72,67,30,6,6
28,44,16,18,18,28,16,12,44,28,50,49,38,28,72,22,28,18,22,20
28,17,18,25,38,50,42,52,54,46,90,48,42,77,106,52,58,46,34,28
38,51,22,40,40,24,44,130,66,78,62,28,30,46,54,70,58,58,48,36
16,48,26,23,38,46,40,83,103,160,114,50,42,42,58,50,38,78,24,26
14,35,30,17,40,38,41,64,52,87,100,56,57,46,54,30,43,56,42,22
46,116,22,32,59,28,46,58,74,84,144,72,80,46,82,54,76,54,30,30
8,22,4,16,34,18,30,22,36,32,28,28,20,8,12,20,32,14,30,20
12,16,2,16,10,22,32,30,34,16,20,8,22,10,71,10,17,14,12,24
44,32,0,16,12,30,6,4,52,8,61,0,24,22,48,18,49,46,26,14
8,25,23,11,18,87,24,74,0,30,46,58,52,34,61,94,61,18,22,33
30,10,24,83,114,44,23,0,0,2,0,0,0,0,0,0,0,0,0,0
12,22,8,16,16,43,10,63,16,40,38,14,48,46,20,22,63,42,28,32
0,2,11,24,10,31,20,30,56,18,30,8,25,38,34,36,33,38,8,30
0,0,0,0,0,0,0,14,14,6,28,0,2,10,30,25,36,10,16,14
2,16,8,6,28,22,2,10,14,6,64,0,8,26,18,16,8,34,26,19
16,32,11,18,6,23,8,10,13,8,12,0,8,14,16,12,6,14,16,28
21,10,12,4,8,18,26,2,0,0,0,0,6,20,2,10,4,0,2,2
0,4,9,0,18,14,8,28,23,14,0,0,16,42,20,8,18,36,0,2
28,49,34,17,40,68,42,40,87,48,47,58,16,41,46,36,29,12,16,22
17,18,0,14,17,12,23,42,50,20,100,20,16,12,22,39,14,21,36,19
4,15,0,10,12,16,2,12,24,12,4,8,4,12,4,10,6,10,14,8
22,43,18,14,42,26,20,22,31,28,36,12,21,23,68,70,47,55,31,38
8,18,10,10,6,25,8,6,20,18,28,22,16,28,34,32,28,38,24,4
6,2,4,12,12,12,2,4,50,30,8,0,10,6,28,10,10,18,12,8
6,16,11,12,14,10,6,14,12,4,10,0,10,32,17,8,14,16,24,28
6,26,10,16,4,26,28,10,20,12,16,32,14,20,24,72,16,22,16,0
4,8,6,10,6,12,0,10,20,8,28,12,8,14,6,52,14,20,12,10
10,10,2,4,6,8,0,10,24,10,22,18,12,18,32,26,16,14,6,2
4,20,4,14,14,10,10,6,20,10,22,4,6,28,24,14,48,10,10,12
12,8,6,6,6,10,0,8,9,10,10,18,10,10,16,34,14,8,8,10
4,14,6,15,12,16,0,34,20,24,30,36,10,28,36,50,34,14,30,41
16,20,8,6,22,16,31,10,26,20,7,30,10,22,22,64,16,20,8,0
4,10,6,6,8,2,2,4,8,6,4,22,8,16,16,35,14,10,0,2
6,6,14,2,18,2,18,8,16,4,16,32,12,20,15,39,6,6,10,8
6,12,2,8,16,34,18,35,23,4,34,57,6,4,36,82,6,14,26,16
4,8,10,7,10,24,0,14,18,16,20,40,29,28,47,117,28,8,14,4
12,10,2,4,14,4,0,6,12,14,10,8,2,6,32,24,8,22,8,4
4,6,2,6,10,14,14,20,54,49,48,36,36,34,18,54,12,14,46,34
4,12,4,6,14,14,16,20,64,24,34,12,29,16,30,28,18,10,18,18
42,40,16,14,16,16,22,18,28,45,26,75,38,32,24,32,62,48,14,12
40,61,8,10,16,26,24,36,46,53,32,70,22,16,8,28,32,58,40,20
54,30,22,32,32,44,44,62,78,50,60,50,38,62,71,108,56,90,54,68
6,40,34,24,20,20,18,47,46,30,34,34,44,50,77,108,40,50,50,25
6,20,10,36,36,34,22,47,60,34,55,36,24,82,28,142,53,54,50,39
4,12,8,4,26,26,38,16,60,62,77,42,28,16,40,52,30,14,30,22
12,32,2,8,19,10,6,30,54,62,66,18,66,43,40,114,72,12,30,66
30,58,26,58,72,71,12,34,20,44,41,22,26,32,29,64,68,42,12,22
22,28,18,38,49,50,32,60,86,52,56,85,40,78,44,123,74,60,36,63
34,30,12,12,20,74,26,68,52,48,38,72,26,68,36,80,42,44,50,34
20,58,6,20,16,30,12,24,36,36,22,32,20,24,30,36,32,22,33,26
18,8,2,42,22,32,18,20,30,37,12,66,30,40,26,52,16,38,12,8
2,32,2,0,44,58,35,28,87,96,91,57,70,20,92,69,37,4,48,28
8,26,16,18,17,8,15,4,42,36,16,16,27,2,28,28,20,46,18,6
12,43,2,14,44,16,34,20,48,31,62,20,12,42,46,58,30,28,22,27
10,24,8,2,2,16,26,6,36,26,28,6,8,22,38,30,11,14,8,18
54,20,22,10,34,30,34,32,30,48,40,50,24,58,36,72,53,84,38,67
30,36,16,20,94,50,20,28,46,38,38,59,51,16,40,42,38,40,26,18
20,16,8,40,24,24,12,28,74,12,30,51,45,56,40,72,44,48,22,14
8,32,2,16,14,32,28,0,82,126,56,70,30,46,42,122,86,78,42,34
40,14,28,8,22,49,4,0,22,52,16,46,16,32,34,36,22,62,28,12
32,43,4,2,16,12,26,0,56,37,36,12,16,36,32,42,43,18,24,27
20,50,14,12,34,46,34,10,61,68,92,60,72,74,88,64,96,68,58,35
16,24,4,16,6,16,17,16,24,40,28,24,41,10,28,36,44,30,14,18
10,12,16,0,8,10,6,8,25,30,34,30,22,22,26,28,14,28,8,12
30,48,19,24,28,46,16,26,103,50,76,50,90,58,96,76,68,70,32,38
49,26,18,18,38,44,44,54,70,70,62,20,44,58,53,84,46,52,6,8
30,71,22,28,90,34,40,108,127,104,70,45,66,76,84,83,71,139,50,42
42,77,58,16,40,56,24,84,94,77,50,98,118,144,124,137,72,134,66,62
54,48,16,10,24,12,20,40,64,52,90,70,30,57,64,80,38,44,26,18
30,104,4,4,56,32,18,54,92,47,127,73,66,72,108,98,62,70,44,40
18,56,24,20,34,26,28,80,74,74,137,120,52,58,120,146,59,76,50,48
50,70,24,28,61,24,28,95,71,78,73,101,80,78,78,128,74,50,33,22
16,20,10,0,17,6,32,6,40,18,42,15,12,30,36,34,20,16,34,26
27,75,20,18,24,40,34,48,56,64,70,110,88,196,74,100,130,88,55,34
42,57,29,34,26,30,36,46,44,34,65,78,94,138,94,83,62,64,26,72
44,28,12,14,24,26,18,34,78,30,47,39,20,22,24,64,14,28,16,10
48,64,14,19,63,30,27,54,82,32,76,93,44,62,82,60,57,40,48,25
0,0,6,5,0,4,2,20,6,2,6,0,4,0,2,6,4,2,10,8
4,14,2,18,4,2,4,6,6,8,8,12,4,0,0,6,4,0,0,2
6,2,2,8,6,0,10,4,4,2,6,4,4,4,6,2,0,6,0,0
2,10,16,6,16,20,16,43,18,14,28,10,12,8,14,8,4,6,12,4
8,6,10,16,12,12,14,24,14,8,12,22,4,10,10,12,6,12,2,0
0,0,0,2,0,4,2,2,0,0,0,0,0,2,0,0,0,10,6,4
14,0,14,17,0,6,31,0,4,0,12,0,2,4,2,2,10,2,14,0
4,0,20,14,0,4,23,2,8,8,12,10,8,6,18,8,20,8,34,12
0,2,4,6,0,18,22,25,22,0,10,4,10,2,2,2,4,2,2,14
0,0,0,4,2,6,2,0,2,2,2,2,0,0,2,2,0,2,0,0
4,2,6,20,8,10,4,2,13,6,0,10,10,8,4,8,12,8,4,4
8,2,10,41,10,34,30,14,22,8,26,35,29,8,8,2,12,10,30,10
6,6,14,20,14,22,36,18,30,14,12,6,22,18,8,23,8,8,50,4
0,2,4,6,0,8,10,6,8,2,6,2,14,2,0,0,4,4,6,0
0,0,2,4,0,2,6,10,6,8,2,2,0,8,0,2,4,4,4,12
22,2,22,6,0,30,16,14,2,16,48,4,22,16,20,6,2,12,14,14
2,0,12,6,0,6,10,0,4,0,2,0,0,0,2,0,6,4,4,2
2,2,14,4,0,12,32,0,2,0,0,4,0,2,0,0,2,0,4,6
10,32,34,30,0,20,36,52,12,28,18,4,24,14,26,8,8,0,10,18
2,4,0,2,0,6,12,4,26,14,22,12,14,8,4,12,20,2,32,4
4,4,12,12,0,2,12,12,8,2,15,14,9,14,8,10,14,20,4,2
6,14,12,12,0,16,22,53,22,20,31,12,4,11,22,14,26,18,10,6
8,8,16,18,0,0,16,14,24,16,22,20,10,22,0,12,6,14,4,2
4,0,4,0,0,0,6,0,0,0,8,2,8,2,2,2,2,0,0,10
0,0,0,0,0,0,40,0,12,0,0,2,0,6,0,14,6,2,4,0
0,4,8,0,0,0,26,10,2,2,0,4,6,17,4,6,18,6,4,0
4,10,12,12,0,10,12,10,14,8,12,4,12,4,2,8,12,14,6,4
12,8,8,0,0,10,16,18,18,16,26,10,12,12,8,10,6,4,4,0
4,6,12,38,0,14,31,18,18,16,10,22,12,12,8,25,6,4,8,6
12,8,22,20,0,10,36,42,18,75,18,18,24,42,34,24,36,18,24,2
4,0,16,20,0,38,10,10,22,12,14,14,16,36,6,4,6,6,36,6
6,0,8,20,0,40,60,22,20,12,16,6,6,18,22,6,10,8,14,0
6,2,12,10,0,6,8,8,14,4,10,0,0,4,2,2,12,0,10,4
0,4,0,4,0,4,0,2,0,0,0,0,0,2,0,0,0,0,2,0
0,0,6,0,0,4,9,0,0,2,0,0,4,2,0,0,0,0,8,6
20,28,12,6,0,22,26,20,24,46,44,14,26,32,18,14,6,16,8,10
26,76,60,60,0,34,56,105,70,60,54,56,39,28,36,54,70,42,40,40
26,6,6,22,0,10,14,12,18,10,12,20,16,14,4,10,24,18,38,26
4,2,12,12,0,4,14,4,14,8,21,10,14,6,18,4,18,2,0,10
4,12,6,10,0,2,8,8,4,4,6,4,0,0,8,6,10,8,4,0
0,8,4,8,0,6,0,8,4,6,4,6,8,8,4,4,8,2,12,8
8,0,10,2,0,4,10,2,10,14,10,12,4,24,14,21,26,12,24,18
0,0,8,10,0,2,2,4,8,8,2,6,2,6,6,10,12,8,10,2
8,6,4,12,0,6,16,24,16,8,8,4,12,4,0,2,4,0,0,0
14,10,6,8,0,34,30,0,10,12,28,26,12,24,32,54,14,24,34,34
4,2,24,2,0,0,33,12,18,2,0,4,12,8,0,23,14,2,8,4
4,8,6,30,0,34,24,0,0,16,6,2,12,10,12,22,10,6,4,4
10,18,14,4,0,10,14,0,0,14,4,4,30,16,4,24,34,40,13,4
10,46,26,8,0,17,60,0,0,18,16,12,27,6,18,16,22,2,14,28
0,8,22,0,0,20,16,0,0,16,23,0,20,4,10,4,0,8,10,4
16,6,10,28,0,24,22,0,0,20,11,14,20,14,16,12,8,12,10,2
2,0,0,2,0,8,0,0,0,0,8,0,28,6,4,4,20,0,4,0
36,0,0,4,0,4,4,0,0,0,0,0,16,10,0,0,14,0,6,14
35,0,6,2,0,0,11,0,0,0,0,0,8,4,6,6,4,0,2,0
16,2,10,2,0,14,14,0,0,34,29,4,0,0,2,0,2,0,6,2
12,2,6,12,0,4,14,0,0,2,2,2,4,2,4,4,8,0,2,2
0,0,2,6,0,4,0,0,0,0,2,0,0,0,0,0,0,0,0,0
7,30,10,4,0,38,18,14,60,10,48,12,39,56,26,2,22,14,8,8
40,24,34,22,0,42,26,38,12,20,30,8,26,12,16,16,28,14,31,18
2,10,8,16,0,4,10,4,6,0,0,18,4,8,18,10,8,8,12,4
28,16,10,12,0,12,2,12,4,18,4,2,10,24,8,10,22,6,12,5
8,8,14,11,0,12,22,14,12,8,8,8,12,4,10,10,4,8,0,8
12,26,22,18,0,20,55,11,24,17,12,36,43,4,10,16,32,6,28,22
0,4,10,8,0,26,12,14,12,4,12,12,34,10,4,8,10,20,6,16
12,29,24,8,0,20,20,42,30,18,38,24,20,4,18,25,14,6,2,18
8,18,6,10,0,16,10,25,30,30,35,22,19,22,12,10,26,4,14,2
4,2,0,6,0,10,10,4,23,4,6,6,2,19,4,12,10,2,6,33
2,30,4,22,0,8,4,35,12,8,24,12,21,4,6,12,20,6,34,12
2,2,2,0,0,10,30,6,24,2,10,6,2,20,17,21,0,4,2,0
2,2,16,13,0,14,43,0,30,11,46,16,18,10,8,18,38,8,20,16
13,10,16,16,0,18,12,12,14,14,16,6,18,22,14,10,18,6,20,16
8,10,6,12,0,32,46,8,30,54,39,10,22,10,14,6,20,8,18,14
2,10,6,18,0,26,26,48,12,0,4,2,4,8,2,0,8,2,16,6
2,10,8,24,0,26,12,8,0,2,2,0,2,2,4,0,4,4,0,0
0,22,6,14,0,6,8,0,0,0,0,0,0,6,0,0,10,4,0,2
6,6,8,14,0,6,16,14,4,8,4,4,20,8,0,0,12,0,8,6
16,4,2,16,0,12,34,4,2,28,10,0,8,8,4,2,8,6,8,8
0,8,4,2,0,12,2,4,12,12,6,16,2,16,6,8,10,0,4,4
0,2,8,20,0,10,22,8,6,10,12,2,6,2,0,14,10,12,4,2
14,30,28,12,0,79,48,38,38,22,114,36,48,38,2,6,12,4,24,8
17,31,30,50,0,36,38,14,36,26,35,33,48,36,12,6,10,30,38,14
10,6,10,12,0,0,12,24,38,19,12,14,6,12,13,4,18,12,22,8
6,7,10,10,0,30,10,27,22,10,30,8,4,11,12,10,20,2,17,2
10,20,16,18,0,11,38,22,8,6,10,8,16,14,6,20,18,10,18,12
16,6,6,14,0,17,26,32,10,2,26,14,18,6,8,12,16,16,8,4
0,2,2,0,0,2,2,2,2,0,8,8,0,2,4,2,2,0,0,2
8,22,10,10,0,22,18,8,18,8,14,12,6,10,16,24,10,2,4,4
12,6,0,4,0,12,22,33,0,4,20,4,18,18,6,18,26,6,14,2
4,12,10,12,0,24,20,30,45,22,22,8,10,26,20,22,20,8,14,4
8,16,12,42,0,50,91,0,62,75,22,10,72,77,56,50,22,2,14,0
14,2,2,2,0,60,52,12,12,18,19,12,35,44,28,30,6,4,4,0
16,10,2,10,0,14,28,12,24,6,0,2,25,34,22,10,24,2,8,0
12,4,4,12,0,6,38,24,14,24,17,4,32,12,2,6,28,12,12,0
16,8,12,28,0,14,20,26,8,16,46,14,22,18,16,10,20,12,14,0
0,2,47,32,0,35,41,6,22,0,2,6,25,22,6,12,32,0,4,36
0,2,10,8,0,8,6,2,4,6,14,6,2,6,6,2,4,6,4,0
8,12,8,26,0,14,36,2,14,4,2,11,49,14,10,17,20,18,12,20
25,14,12,26,0,36,48,40,8,30,15,12,40,4,20,18,34,20,18,13
16,20,30,28,0,22,48,18,18,6,14,4,16,4,4,6,2,2,4,6
10,12,16,40,0,50,62,20,40,28,49,10,20,16,20,23,22,16,24,14
0,2,24,48,0,30,22,0,4,4,8,6,28,2,2,20,2,8,2,24
0,15,12,32,0,50,32,12,4,10,12,0,14,6,0,8,12,6,2,10
0,8,18,34,0,18,32,16,8,8,16,20,10,18,2,10,20,8,14,22
4,2,12,22,0,8,6,0,0,16,42,16,14,22,4,6,4,4,2,2
4,14,4,6,0,22,20,0,0,28,54,24,8,16,2,48,38,2,8,4
4,6,4,2,0,6,17,0,0,12,8,20,2,6,2,14,4,6,24,4
0,0,2,2,0,2,12,0,0,10,10,2,0,2,0,2,0,0,0,0
2,10,6,16,0,10,26,20,0,6,6,4,6,6,6,26,14,16,6,2
12,4,14,16,0,10,22,31,0,10,8,12,10,10,10,10,16,12,24,2
8,6,6,8,0,4,14,0,0,28,18,16,14,18,6,24,16,8,8,26
10,8,6,28,0,32,28,0,0,28,8,16,18,18,8,14,22,12,26,4
4,0,0,2,0,6,4,0,0,32,14,8,4,9,8,6,10,4,2,6
4,2,2,0,0,0,6,0,0,2,6,4,0,0,0,2,2,2,0,0
6,6,22,4,0,4,8,8,0,20,16,8,2,4,12,10,10,6,0,6
0,0,4,4,0,2,0,8,0,2,0,2,6,2,0,0,4,2,2,0
4,0,0,4,0,2,2,0,0,2,4,6,0,0,0,0,6,4,0,0
2,0,6,0,0,0,2,4,0,2,0,2,4,0,0,4,6,4,2,0
4,4,15,2,8,16,0,2,8,0,4,2,2,0,2,2,2,0,2,0
2,10,4,16,8,18,30,35,12,14,4,6,0,5,4,10,6,2,4,2
4,21,6,10,12,13,26,24,8,31,39,43,19,24,16,28,6,16,12,2
10,4,6,20,10,10,20,18,4,10,6,20,6,12,0,10,2,18,4,6
10,6,16,10,8,10,14,16,6,4,10,8,12,6,0,12,8,8,4,2
10,8,8,25,20,18,8,26,12,20,14,12,20,10,12,22,10,8,2,14
4,8,0,4,4,0,10,8,10,6,10,10,0,6,4,6,2,4,2,0
6,17,4,10,2,0,12,12,4,2,6,4,0,8,0,4,8,4,2,2
0,2,0,2,0,0,0,2,0,0,4,0,0,0,2,0,2,0,0,0
10,0,2,10,8,14,4,6,10,12,14,2,12,6,2,0,6,0,2,0
0,2,16,2,8,0,10,18,8,4,20,10,4,8,6,6,4,4,2,0
14,4,8,18,8,10,14,14,8,12,12,12,17,19,8,4,4,10,2,2
2,2,2,12,12,6,16,16,6,8,8,8,6,2,2,2,10,6,2,2
0,6,0,0,0,0,0,0,0,0,0,0,0,0,0,0,0,0,0,0
0,0,8,0,0,0,8,8,2,6,8,2,6,0,6,4,2,2,4,6
2,10,0,2,6,4,8,18,2,2,8,2,2,2,0,2,0,4,0,2
2,4,2,0,12,0,8,8,2,14,8,0,8,6,4,10,6,2,2,0
4,6,8,0,0,4,2,22,4,0,2,6,4,2,0,2,6,4,2,0
12,10,12,14,24,14,20,14,18,18,22,22,24,24,0,14,24,22,4,4
0,4,2,0,2,4,0,0,2,10,0,12,6,0,2,6,2,0,2,0
0,2,2,10,2,12,0,2,8,0,0,10,2,0,0,0,4,2,0,0
0,4,2,6,2,6,6,2,0,4,6,2,0,4,0,2,2,2,0,0
0,0,8,2,14,0,0,2,2,0,0,0,2,0,0,0,0,0,0,0
2,34,10,12,18,4,16,37,24,10,60,6,10,16,0,14,6,14,2,6
8,2,10,16,6,4,12,2,23,8,4,14,2,4,0,12,6,6,2,4
6,8,10,14,4,10,8,14,2,8,10,6,6,4,2,14,14,8,12,0
0,6,10,12,12,4,22,16,12,20,0,18,4,2,6,17,6,6,6,0
8,2,0,10,18,2,22,10,4,22,16,10,4,2,4,8,6,8,8,6
18,36,16,22,12,8,16,20,4,14,8,20,8,14,8,6,8,26,12,4
8,4,6,22,16,26,26,6,4,8,4,4,6,2,2,14,2,8,2,16
4,2,6,10,10,8,10,12,4,10,14,2,16,8,2,6,4,10,10,10
27,12,0,10,12,0,4,10,4,8,2,2,8,2,6,2,4,2,6,0
10,8,12,10,14,18,30,56,28,52,16,22,10,36,4,33,18,8,12,8
0,0,0,14,2,4,2,18,6,8,0,2,0,2,0,0,0,0,2,0
0,2,0,12,2,8,0,2,8,8,4,4,0,0,0,2,0,0,6,2
8,2,2,6,2,14,2,6,8,2,2,6,2,2,4,6,0,4,4,6
4,4,8,10,8,10,10,6,2,6,10,8,2,4,6,4,6,2,0,4
0,2,0,0,2,8,6,4,14,0,6,4,2,6,6,2,0,0,0,2
6,0,0,2,2,4,10,4,0,0,0,4,2,6,0,2,4,2,0,0
6,12,14,4,16,14,6,16,8,0,16,6,8,18,6,2,6,2,6,2
0,0,4,0,4,2,6,0,4,0,0,0,2,6,0,0,4,0,0,14
0,10,2,12,6,10,4,8,14,12,38,10,4,28,16,16,10,8,16,20
8,2,4,10,6,2,6,12,2,10,6,0,0,2,4,10,8,4,6,0
0,10,0,2,4,12,4,2,0,2,2,0,0,0,0,2,2,14,0,0
0,12,8,4,8,6,14,36,10,12,14,14,8,10,8,24,18,10,16,0
2,6,4,6,12,10,6,16,14,10,2,14,12,0,4,4,7,4,10,0
14,10,4,22,30,14,12,46,24,18,0,26,20,20,20,23,28,18,25,8
0,0,4,4,0,4,4,0,2,0,0,2,6,10,0,0,0,0,0,0
4,14,6,18,0,10,12,57,34,20,10,12,6,22,0,8,8,2,0,0
18,8,0,0,6,4,0,10,2,2,16,9,2,6,2,8,6,8,8,6
18,8,16,12,10,10,18,4,10,14,22,6,6,6,4,30,18,0,2,8
6,8,6,6,10,8,10,8,10,12,8,2,4,4,8,10,4,10,2,4
0,0,2,4,12,0,2,4,8,16,4,10,8,13,4,0,0,0,4,2
0,2,2,14,12,6,4,4,2,2,12,6,8,0,0,0,2,0,0,0
8,37,17,14,22,0,26,8,12,24,2,18,14,8,4,10,12,2,2,0
2,4,2,6,4,0,4,0,0,4,6,4,0,0,2,4,2,2,0,2
4,2,4,4,0,4,14,2,14,10,2,0,8,4,6,10,4,0,4,6
0,0,0,2,0,2,0,2,0,0,6,4,2,2,8,0,0,2,2,0
0,2,4,7,0,2,10,8,2,2,2,2,0,0,0,0,4,0,0,0
2,0,6,60,0,10,0,0,0,4,6,0,8,4,0,4,8,0,28,4
2,4,0,4,0,6,4,10,4,0,2,4,2,2,0,6,0,0,8,0
14,22,16,12,18,10,9,14,6,8,18,37,10,13,4,23,12,22,22,14
4,20,10,17,12,14,24,12,16,12,28,18,6,8,14,16,10,8,14,8
4,27,6,22,28,12,24,16,22,32,14,42,38,18,14,16,24,14,2,6
8,4,12,12,10,20,6,8,19,8,14,16,4,8,4,10,16,10,6,8
0,0,2,4,10,10,4,6,18,6,6,2,0,2,0,6,6,4,0,0
0,4,0,4,4,12,10,10,10,2,8,8,6,10,0,4,0,0,12,0
16,46,30,54,82,59,51,77,40,51,42,96,62,62,74,74,66,10,44,36
10,22,10,24,30,22,52,26,24,24,32,44,34,32,28,34,18,18,51,26
2,29,6,36,24,20,20,6,12,20,4,12,0,14,4,16,4,2,10,6
6,0,0,4,0,2,0,6,4,4,6,12,0,8,0,8,6,4,10,0
2,8,4,0,4,4,6,10,12,4,2,12,6,2,8,0,8,12,10,0
2,10,6,6,0,8,2,0,2,8,2,14,2,2,0,12,4,0,16,2
14,12,6,8,22,10,14,10,6,16,18,12,10,2,6,10,6,8,0,12
4,0,6,12,26,32,46,83,32,78,46,32,20,20,2,6,10,12,16,8
2,2,4,0,4,2,6,14,15,24,22,22,8,8,4,20,12,6,8,10
0,4,4,8,12,8,16,20,6,12,12,25,8,12,12,12,14,8,8,6
4,2,6,16,8,6,16,14,4,22,4,12,16,10,0,6,4,10,16,0
6,10,10,12,16,24,65,30,29,14,14,22,22,28,4,18,14,4,18,12
6,4,16,20,20,20,24,26,22,12,10,20,25,18,14,20,16,12,8,0
0,4,12,14,4,4,16,12,8,12,0,14,6,10,0,6,2,4,6,0
0,0,0,0,0,0,0,0,0,0,4,0,0,0,0,0,0,2,0,0
14,20,12,32,20,16,30,24,34,14,20,36,12,14,0,4,20,10,16,8
4,14,20,20,34,26,26,26,44,30,34,18,28,12,36,8,16,26,30,14
4,20,24,30,38,22,46,12,56,40,18,44,12,16,10,32,24,14,34,22
12,4,12,10,18,14,20,12,29,43,22,28,40,20,6,26,12,6,10,2
22,8,10,40,12,18,12,8,28,4,20,12,14,20,14,45,12,6,24,8
14,4,12,10,24,12,40,10,28,23,41,20,14,32,4,28,18,20,28,26
12,12,20,20,28,37,34,38,28,20,34,31,26,16,28,24,34,12,20,14
2,6,4,4,10,4,4,12,0,4,0,4,4,0,4,12,10,2,4,10
26,26,14,40,64,112,0,36,52,54,62,84,36,42,66,44,34,30,30,26
0,4,10,2,20,18,20,16,23,24,20,30,12,12,36,16,22,22,8,12
13,12,18,36,14,18,42,26,28,28,34,34,24,30,10,8,12,14,14,10
8,10,22,0,26,14,10,48,18,20,12,22,16,16,2,28,6,8,8,6
0,6,18,36,36,46,52,32,56,38,12,12,26,22,22,16,14,12,12,22
4,10,8,24,24,16,12,12,8,4,12,8,6,2,8,8,6,18,10,2
4,2,4,32,16,18,22,15,15,8,14,20,10,28,4,2,4,0,4,2
6,4,2,10,26,12,4,18,6,16,14,30,16,28,4,14,8,12,12,18
4,12,12,8,32,16,24,20,21,10,10,16,6,22,10,6,20,10,10,0
4,8,2,6,0,6,12,2,6,2,0,2,8,4,10,0,4,2,4,4
10,8,6,8,16,16,12,26,22,15,12,18,16,10,22,8,8,10,22,6
2,0,10,8,24,10,30,2,10,4,6,10,0,2,8,4,10,2,6,4
8,8,8,20,33,32,24,35,8,12,10,22,6,6,10,12,8,12,10,8
8,10,8,6,10,14,16,16,16,4,12,12,10,10,4,18,4,8,14,10
2,0,6,16,10,14,28,16,34,14,10,6,6,18,8,12,14,2,14,37
20,10,14,12,12,8,28,24,19,10,22,14,16,20,14,18,24,12,34,20
2,4,10,16,32,50,64,24,22,16,26,26,2,8,2,24,8,14,18,2
14,53,16,10,28,24,72,26,40,22,47,24,14,12,18,8,18,14,54,18
4,4,6,8,12,28,16,12,12,6,0,4,6,4,4,14,6,4,14,32
8,2,14,10,30,16,24,24,16,20,10,24,6,12,10,8,4,4,28,14
0,0,6,14,42,26,54,14,18,18,20,10,12,8,12,8,4,6,24,26
16,4,14,28,24,24,46,8,17,26,20,4,12,4,12,12,10,10,42,32
8,0,4,32,24,28,66,39,20,10,52,10,16,18,2,26,28,4,42,24
10,6,28,66,18,10,106,0,38,4,22,10,2,10,0,8,6,2,16,40
0,10,0,4,2,0,10,6,10,8,10,6,10,14,6,6,6,0,8,0
2,0,2,4,6,0,14,8,10,8,20,6,6,2,2,10,10,10,11,6
26,4,14,24,62,66,69,52,20,46,22,39,8,10,12,18,20,28,18,36
2,12,6,26,24,8,6,36,8,6,10,4,0,2,4,4,10,10,14,8
12,0,6,2,12,2,8,18,16,14,18,18,20,12,22,14,6,6,12,12
10,2,12,4,16,43,14,30,46,10,12,22,8,20,8,12,10,12,16,8
26,12,16,10,22,32,36,40,20,8,14,36,14,25,52,28,10,20,18,12
12,2,8,8,22,22,26,58,30,20,20,14,8,29,16,12,16,4,16,12
2,2,2,12,12,4,49,4,12,18,12,4,2,6,4,26,4,4,20,12
2,4,2,16,8,24,22,18,14,4,12,2,12,2,2,12,10,4,24,6
2,8,8,8,6,10,6,6,8,6,6,8,8,4,0,6,0,10,8,8
6,10,6,0,2,0,6,6,4,20,10,14,6,2,4,12,6,6,12,2
0,2,0,14,18,0,8,10,6,8,8,2,2,2,4,18,10,4,10,2
6,2,14,46,32,26,42,42,4,14,26,2,14,10,18,14,4,14,22,30
10,12,22,16,28,19,26,46,6,8,16,10,10,12,14,18,10,6,12,6
40,12,2,16,12,2,6,11,0,6,12,8,8,0,6,16,2,4,8,8
10,4,6,8,12,6,52,12,20,4,14,12,6,8,10,12,0,8,8,18
0,14,6,8,18,8,8,26,28,8,10,10,2,2,8,8,2,0,4,4
0,2,10,22,26,18,42,28,20,30,22,8,22,34,6,8,2,4,20,6
10,4,6,26,26,8,18,10,30,16,26,21,10,14,6,23,4,10,4,2
12,4,4,6,14,8,14,8,10,8,18,18,10,6,12,14,12,4,14,18
2,0,8,6,15,14,2,20,8,20,16,8,4,8,0,12,14,8,22,12
2,6,8,8,6,8,12,6,6,16,6,12,6,20,0,14,0,2,8,6
6,6,4,18,14,2,10,38,18,38,25,6,6,6,10,16,6,14,6,4
4,10,10,24,18,18,32,36,34,28,10,10,12,8,26,22,6,4,10,26
8,8,8,16,60,24,18,23,10,30,2,22,16,6,14,10,4,6,12,4
4,12,0,0,8,2,28,6,8,11,8,16,0,6,0,6,4,8,8,7
2,0,2,8,10,16,28,30,28,12,22,30,4,16,6,6,4,2,14,23
2,8,11,4,14,0,38,38,16,12,14,18,18,14,0,6,8,4,10,14
2,2,12,20,18,24,18,22,40,26,18,12,14,10,38,12,24,8,36,18
0,8,6,26,18,24,24,18,18,22,52,22,15,6,4,14,22,6,32,22
18,10,16,17,22,24,26,10,26,14,30,18,22,18,14,18,16,16,32,12
28,12,38,41,34,14,66,42,44,26,38,49,40,20,32,16,22,20,34,30
12,2,8,48,48,28,50,26,22,39,32,56,30,20,22,20,8,2,39,12
12,6,14,30,42,12,38,34,22,24,42,31,22,8,12,16,14,10,18,34
10,12,16,41,34,14,46,34,43,36,18,22,6,5,8,10,16,8,18,20
2,4,2,4,2,4,16,16,10,14,10,10,10,4,0,2,0,0,0,4
21,2,16,30,12,8,18,22,20,10,28,16,18,26,12,12,8,2,17,6
10,14,2,14,14,16,28,38,22,18,26,18,6,14,10,2,4,2,16,15
10,24,24,48,38,30,72,68,49,74,69,51,27,46,52,82,80,58,54,30
12,28,2,67,34,30,40,77,54,46,83,56,50,60,48,36,112,67,56,79
2,18,4,34,24,24,10,20,94,62,85,42,32,36,45,50,48,46,49,40
4,6,4,50,30,20,28,50,81,88,104,46,20,72,55,93,28,48,26,28
2,24,10,14,40,26,22,33,108,24,30,24,18,24,26,44,36,12,34,70
0,19,2,2,18,22,7,22,84,30,8,8,4,27,10,38,8,4,12,48
4,4,4,18,16,26,22,37,118,82,88,16,28,32,10,50,18,28,81,48
2,2,0,24,41,51,35,38,125,38,72,32,36,64,24,18,28,8,81,56
8,6,4,30,62,56,42,60,68,68,40,27,62,46,37,18,91,24,42,41
2,6,6,24,20,26,48,52,95,86,54,53,24,64,18,50,32,36,56,88
12,54,16,68,119,152,136,154,88,160,98,136,60,84,48,66,102,78,64,58
12,29,29,72,70,70,157,128,180,141,84,124,60,67,38,44,66,70,78,38
6,14,2,54,22,50,57,66,70,104,66,48,62,47,46,26,24,24,46,54
0,2,2,40,45,34,76,12,76,62,61,12,64,39,37,4,22,0,50,18
8,26,8,37,59,28,20,126,80,76,61,71,38,132,64,56,140,96,80,96
0,49,18,0,100,58,85,196,171,160,201,186,125,93,168,158,120,202,150,108
6,14,10,28,38,10,26,30,47,18,44,34,50,36,40,30,25,32,58,54
10,16,4,35,34,30,25,38,32,70,55,66,24,44,36,32,50,39,90,58
2,24,10,24,22,10,18,58,36,43,70,43,38,41,42,48,70,34,81,74
2,6,10,9,40,14,8,32,46,56,44,32,40,56,44,24,90,54,73,80
0,34,22,24,0,16,16,51,28,57,28,58,26,14,4,12,18,54,52,20
2,4,0,4,32,24,18,16,90,102,38,26,20,24,14,40,14,12,45,24
0,4,6,6,26,32,28,36,48,56,34,38,50,14,16,36,21,29,89,44
18,12,2,14,14,28,20,61,49,56,12,28,12,10,2,20,12,4,30,44
4,0,0,30,10,44,24,37,51,50,27,26,60,28,12,28,24,24,38,31
2,22,0,24,8,40,44,74,60,74,68,56,50,44,8,20,16,24,10,24
14,10,14,20,34,46,34,44,42,48,34,25,31,57,18,24,28,10,22,14
10,2,9,34,12,24,16,8,26,22,45,12,24,18,12,2,4,6,44,0
2,14,10,14,22,22,19,4,32,16,25,8,20,4,14,8,16,28,16,0
2,6,2,14,17,12,26,32,27,20,60,18,17,20,10,22,14,20,18,0
29,24,32,37,54,34,26,78,54,108,52,50,0,90,76,97,74,88,78,139
4,16,14,44,19,28,24,100,26,70,62,64,0,51,38,39,98,62,71,113
14,14,16,24,22,24,24,24,20,20,42,20,62,30,30,46,28,50,84,60
0,20,8,36,40,20,6,30,26,46,16,33,30,18,39,14,49,33,37,52
2,12,14,20,32,52,31,53,65,68,85,44,57,22,42,46,36,64,69,103
2,6,10,22,20,46,64,32,58,58,18,44,43,76,46,44,60,32,50,66
2,10,16,34,40,38,47,40,72,83,38,44,26,36,24,38,38,52,46,65
8,8,4,8,20,26,34,28,46,70,48,24,10,28,4,32,12,20,46,56
16,10,10,14,16,14,10,10,48,26,18,14,20,30,16,30,2,22,17,18
22,30,40,26,44,54,36,42,56,68,129,76,50,56,26,18,73,34,78,66
10,6,14,53,36,52,32,69,60,72,46,41,44,50,26,48,44,36,42,91
14,20,14,4,16,10,18,10,34,12,12,2,18,15,2,10,6,4,10,20
8,14,12,36,32,34,34,44,69,66,70,60,0,42,71,68,96,83,74,107
4,16,10,24,8,16,16,30,18,22,44,56,20,48,42,72,49,44,76,74
6,6,6,16,8,22,14,21,23,38,30,36,16,28,34,38,18,30,18,50
2,6,12,34,18,8,14,30,46,74,58,46,44,38,44,38,51,28,47,53
2,12,16,10,12,20,10,14,8,8,42,8,18,28,44,26,8,28,48,66
0,4,6,16,58,32,47,30,32,58,48,68,36,52,34,54,32,17,38,94
14,14,4,68,60,34,68,45,52,93,45,44,38,41,38,52,30,26,65,88
4,38,16,24,74,43,74,102,48,86,82,85,94,77,50,44,50,34,37,72
52,68,24,46,87,60,52,120,72,88,84,90,55,50,68,56,54,74,112,67
26,20,8,52,54,34,38,46,38,60,36,26,56,40,40,52,36,26,52,94
0,6,8,12,12,6,6,4,22,12,6,8,38,8,6,8,6,12,20,56
12,10,12,12,18,16,14,36,25,57,78,60,38,51,28,75,42,42,54,58
12,12,8,30,20,21,8,16,20,28,48,32,32,44,36,52,64,56,54,85
2,4,4,38,28,4,18,18,52,20,96,24,36,52,32,36,30,20,108,103
0,2,4,20,0,8,15,12,26,12,31,20,30,6,47,18,12,16,52,24
0,12,10,16,40,6,10,20,20,44,20,16,6,14,10,20,6,12,46,12
32,14,40,33,63,32,44,26,74,52,76,40,48,37,34,36,40,56,56,60
16,10,32,35,83,47,77,78,80,122,92,101,82,101,104,60,46,38,104,96
16,24,12,43,54,44,48,60,58,84,47,46,54,66,50,52,35,40,68,40
14,8,6,22,22,24,34,22,40,58,38,40,63,36,41,42,48,40,36,66
22,12,28,18,8,35,23,14,51,42,38,28,32,36,30,16,62,44,50,64
6,10,4,32,8,36,46,26,38,79,86,38,54,48,50,44,66,52,88,42
12,8,2,32,34,16,24,37,50,64,54,54,80,48,56,16,54,18,84,44
4,2,12,27,48,16,12,18,31,46,44,42,44,38,54,42,38,50,92,58
12,38,34,56,76,61,38,38,59,58,85,56,76,72,102,69,106,70,84,70
32,30,18,60,36,48,52,59,34,84,78,83,78,86,71,75,70,46,93,72
32,24,10,22,54,30,36,29,38,89,57,76,62,26,39,30,34,38,20,48
6,6,12,10,39,30,22,36,52,46,69,32,66,26,18,44,34,36,48,79
6,6,4,34,30,24,42,40,28,58,32,49,42,38,24,16,44,34,30,44
10,2,10,44,27,34,32,58,30,78,18,40,16,12,28,8,38,22,86,48
8,14,16,30,32,12,24,12,26,34,64,40,20,36,26,42,38,47,58,80
14,30,16,61,48,26,38,82,66,50,90,87,54,65,86,86,100,48,138,105
12,16,48,32,60,54,54,98,88,106,99,80,86,82,68,42,100,86,26,68
16,51,51,79,99,78,64,74,110,166,162,156,110,76,98,80,56,62,52,98
24,16,18,91,58,68,38,81,68,56,58,68,50,44,30,60,38,42,66,96
12,2,14,38,22,50,44,22,46,41,72,18,28,44,32,36,40,52,26,76
2,2,6,32,63,51,55,22,68,72,40,58,47,46,60,32,68,46,60,22
6,2,16,46,26,54,42,58,52,97,98,38,30,55,60,78,92,26,117,84
20,20,4,30,43,36,38,38,47,64,39,38,28,38,38,44,32,42,58,52
18,12,29,44,58,48,62,50,45,98,76,86,62,104,82,104,104,92,58,110
2,14,10,28,38,48,26,22,43,82,36,51,46,38,64,59,30,30,38,69
14,26,20,62,66,99,68,68,74,84,77,80,62,60,96,60,73,44,44,58
38,34,10,54,66,72,37,68,60,68,86,40,58,60,88,54,48,52,40,56
0,18,10,30,26,56,48,46,48,42,35,12,24,30,10,26,16,18,48,42
6,6,8,36,15,22,6,24,40,14,20,52,25,44,14,8,47,22,104,52
2,0,14,28,34,20,44,68,42,64,50,50,58,46,32,62,78,71,73,112
12,8,10,37,32,20,16,28,50,48,50,33,41,50,26,28,24,46,38,62
10,12,52,78,76,66,65,54,66,96,92,84,52,82,122,101,164,94,128,124
38,26,16,32,50,36,36,46,42,60,66,60,47,56,41,48,64,29,58,64
0,8,13,30,49,52,60,72,51,72,60,28,32,32,16,20,48,24,47,58
10,4,18,28,38,26,34,26,47,42,30,18,4,24,12,10,16,6,20,20
6,4,18,38,44,20,34,42,48,52,26,38,26,48,24,43,36,32,48,70
2,10,16,35,14,28,36,26,22,75,16,24,46,60,18,40,54,36,64,62
4,6,8,46,52,54,50,94,130,98,71,78,82,72,87,36,102,24,117,111
0,6,6,52,30,53,70,44,68,72,83,56,52,61,32,32,50,36,78,62
18,12,43,75,62,48,40,62,58,92,48,66,38,59,66,52,54,52,76,62
4,2,2,29,45,38,38,30,56,80,44,42,20,42,24,26,34,8,38,42
10,4,10,77,80,16,45,40,47,60,57,32,22,42,14,32,37,28,37,56
0,2,2,16,6,22,24,24,33,56,49,24,53,24,6,58,58,34,20,72
2,8,22,26,16,23,41,42,38,60,37,30,68,36,12,58,60,63,82,52
6,12,12,38,24,36,40,59,57,95,49,38,32,38,28,60,74,42,76,92
2,10,2,42,38,51,32,63,56,80,44,32,33,44,38,62,44,41,77,96
4,10,12,45,79,44,46,85,38,81,65,40,63,48,50,44,58,26,43,82
34,12,14,82,89,100,86,110,136,116,155,102,102,76,58,66,105,70,66,150
0,18,17,43,54,62,56,46,78,97,52,38,46,20,24,14,6,14,36,67
6,0,2,16,0,12,22,18,78,64,31,50,77,30,38,32,79,58,46,102
4,4,8,12,16,20,34,38,61,50,34,30,38,21,40,43,50,28,30,74
18,0,18,30,41,22,36,22,82,36,58,44,52,20,30,50,108,36,61,80
0,10,18,50,37,29,27,24,36,40,26,24,28,28,23,36,52,40,54,66
6,12,24,46,50,81,66,38,120,91,62,110,72,42,40,84,105,94,44,93
20,14,15,40,38,26,49,76,38,38,34,78,26,24,20,60,32,48,16,80
10,6,10,28,40,42,45,48,58,66,36,24,14,0,10,10,26,2,32,60
6,4,8,38,12,37,38,24,56,62,30,22,28,24,40,78,97,42,36,78
2,4,10,46,23,42,30,52,54,90,85,84,42,46,63,76,103,92,50,82
0,6,20,14,18,16,22,16,44,52,52,62,30,60,16,49,54,70,40,66
0,0,2,14,30,22,24,20,28,18,40,28,18,44,30,18,50,18,68,95
0,22,52,46,78,46,44,34,91,75,72,87,20,28,36,37,122,88,93,90
22,6,28,52,146,102,97,122,126,126,111,100,22,50,16,45,65,52,72,62
10,20,20,34,22,30,30,20,46,24,44,28,18,20,16,4,18,28,45,26
6,2,16,40,10,18,24,21,24,44,22,54,24,26,18,56,24,31,20,56
14,29,39,31,18,30,42,36,50,66,112,126,122,98,92,122,102,93,84,86
6,10,10,22,34,6,12,26,22,32,26,48,18,20,24,12,48,26,30,34
0,8,12,50,20,42,46,26,46,66,54,40,48,40,47,60,102,26,68,84
4,2,16,30,22,30,20,22,34,40,48,32,25,32,40,49,70,22,35,92
14,8,34,94,52,63,83,61,119,104,130,96,75,61,66,89,102,46,86,66
14,22,14,94,82,69,77,124,112,122,95,78,44,44,42,38,64,68,94,60
2,8,10,16,12,21,18,11,49,34,14,18,14,20,9,19,20,14,14,24
0,8,0,0,18,4,0,2,6,0,4,0,12,2,16,0,4,2,20,16
0,0,0,0,2,4,4,4,11,10,4,2,0,2,8,0,14,6,18,14
2,0,0,0,6,4,4,2,12,0,12,2,4,6,24,16,9,12,18,14
0,0,0,10,10,10,2,2,8,2,2,0,6,6,12,6,0,8,20,34
34,0,8,8,8,16,14,4,22,12,16,8,17,8,14,10,28,11,10,10
16,8,10,15,14,14,26,18,24,27,50,42,26,24,28,28,29,22,46,48
0,0,2,0,2,2,6,4,10,4,2,10,16,4,2,2,16,12,8,14
4,0,0,4,2,6,10,20,4,10,8,4,4,2,0,4,2,4,6,2
4,0,0,6,7,26,18,16,26,32,41,14,4,12,2,16,8,2,36,34
0,0,4,20,25,18,22,18,12,38,57,16,6,4,12,44,31,14,22,65
22,42,10,22,28,30,56,30,34,54,56,62,34,59,38,50,54,80,46,50
4,6,10,28,16,20,26,21,20,54,58,44,20,16,18,54,47,34,51,79
8,10,20,46,32,18,79,28,62,84,68,72,28,38,40,72,66,30,48,87
4,2,12,28,22,48,75,34,70,62,100,32,42,38,40,55,78,18,74,81
16,8,22,26,58,34,97,40,52,128,59,18,20,44,18,44,76,34,42,32
6,6,70,80,95,88,70,68,72,136,100,62,42,30,8,32,40,12,38,60
0,6,12,92,93,82,98,56,71,58,44,42,22,34,45,16,42,6,56,80
0,0,4,34,38,64,42,18,56,58,18,25,6,14,12,18,10,14,60,40
22,50,24,48,26,50,40,96,84,93,80,65,106,108,102,82,124,74,114,130
4,12,20,26,12,33,2,34,44,24,46,34,61,42,46,18,51,32,54,42
24,14,2,22,14,12,12,24,30,26,34,30,26,34,40,64,61,32,32,86
16,2,20,36,38,32,49,34,54,92,136,44,36,26,38,48,80,56,76,120
20,4,2,34,36,36,47,26,61,64,58,18,48,26,20,38,26,36,82,114
12,4,42,58,50,58,50,66,68,102,56,48,38,52,48,22,52,26,44,96
2,12,22,58,70,34,54,42,76,89,80,56,66,82,18,20,26,34,54,99
0,2,6,12,18,28,24,16,28,36,32,6,6,26,18,16,8,14,24,26
22,34,41,32,30,34,65,50,40,62,40,40,48,36,58,54,106,54,75,76
4,58,39,38,60,58,90,71,66,122,68,106,58,66,48,52,116,80,58,84
8,16,23,18,24,16,24,26,30,46,30,27,24,20,6,25,25,31,12,48
10,14,18,20,34,16,42,24,34,54,32,44,37,12,16,24,28,28,46,48
6,16,13,32,20,18,20,24,30,66,30,18,18,14,16,38,24,16,36,70
8,4,22,34,20,12,26,24,32,70,26,28,28,4,6,8,34,16,32,42
4,30,22,16,42,20,34,38,48,99,47,26,26,36,8,2,38,26,36,42
10,30,26,22,26,18,48,40,38,68,56,40,24,44,26,34,108,98,74,102
10,28,36,69,30,56,102,104,100,150,121,78,78,74,48,118,134,84,100,76
12,2,22,36,43,14,44,34,64,52,52,14,25,8,8,45,88,40,36,72
8,11,8,32,16,4,33,12,32,48,41,24,12,8,6,20,54,20,34,66
8,2,8,36,36,12,28,22,38,60,24,22,14,6,15,18,61,26,60,104
6,8,44,16,32,16,64,18,44,86,42,17,30,2,10,2,28,14,86,56
20,26,52,56,28,32,59,34,70,165,64,40,44,48,32,25,66,36,80,66
83,54,38,42,51,54,50,72,70,102,54,73,44,62,22,28,44,46,44,59
14,16,29,36,40,40,32,64,66,64,63,34,46,16,12,32,59,73,61,60
4,8,8,30,24,20,42,38,22,40,40,6,13,12,10,28,34,18,63,42
8,4,15,16,28,30,22,20,30,20,65,12,14,16,8,14,20,38,34,84
6,6,34,44,40,34,38,48,74,22,64,14,12,6,12,12,52,10,40,66
2,2,34,26,30,34,62,26,34,16,28,4,2,8,6,6,14,6,28,70
4,16,0,34,32,7,28,55,28,22,44,8,4,8,6,6,20,6,26,38
2,2,4,4,8,10,16,14,30,12,12,8,18,2,6,2,4,6,6,27
22,44,68,32,30,30,42,64,50,82,34,42,50,56,22,18,18,28,49,46
6,6,12,38,38,34,24,56,30,38,22,30,22,12,20,16,6,12,39,40
24,24,10,16,30,8,24,28,20,28,22,22,18,14,22,14,8,12,52,24
18,8,24,38,64,36,18,89,54,40,111,62,12,10,16,44,32,48,58,68
8,4,35,28,55,40,64,51,48,16,64,8,0,0,2,2,20,30,50,69
4,2,16,20,52,22,46,20,23,20,34,20,4,10,6,10,24,16,36,44
6,0,6,30,26,28,38,26,20,8,32,2,0,8,4,2,6,10,8,36
8,2,13,6,24,8,13,23,4,20,16,10,10,6,4,4,0,12,26,41
52,18,54,34,44,56,54,66,112,84,92,58,68,58,30,42,68,46,68,72
26,74,14,38,57,46,30,84,68,40,52,32,18,20,22,8,30,26,28,48
14,30,14,24,48,18,34,24,32,22,52,16,10,2,14,6,36,8,18,18
34,30,40,8,52,44,36,32,30,38,68,28,16,6,2,4,26,34,24,40
8,18,11,18,30,28,26,30,28,38,43,24,10,10,14,20,29,36,28,36
10,8,8,12,22,18,20,36,26,40,24,14,22,10,10,14,6,10,56,48
0,14,2,2,8,4,8,28,30,16,26,18,6,8,0,6,14,18,12,14
6,4,10,2,0,8,4,4,16,18,2,4,8,2,2,2,0,6,0,6
6,20,24,24,26,37,32,36,20,44,18,16,12,22,10,22,20,36,38,40
4,0,12,8,30,8,14,36,0,50,27,16,12,8,6,10,4,6,12,10
24,34,24,10,30,32,22,22,40,42,38,26,22,10,12,18,24,44,34,20
34,50,34,34,38,38,58,72,40,54,44,38,46,18,20,8,54,52,24,34
20,66,52,42,76,18,32,48,42,76,91,52,12,20,6,14,30,30,34,66
18,10,28,24,44,38,74,48,92,43,48,20,22,8,12,20,36,54,36,50
10,16,10,22,44,16,48,30,46,36,41,24,16,15,4,6,34,12,36,26
4,12,15,2,10,35,29,28,26,56,26,26,16,10,2,10,18,22,46,26
4,20,4,2,14,2,12,12,4,32,8,10,26,0,6,14,6,6,12,8
14,6,8,6,14,4,8,16,2,16,30,28,4,10,4,4,8,10,4,8
13,10,18,14,16,20,25,46,24,42,33,14,2,6,10,22,12,20,26,24
8,12,20,12,45,22,29,6,38,46,24,6,12,14,8,44,0,18,26,18
12,6,28,30,32,24,50,34,28,60,44,38,20,16,12,44,26,22,34,46
22,32,8,22,48,24,54,52,60,74,36,56,40,22,18,30,24,18,38,80
14,4,34,16,36,46,62,44,66,44,36,26,16,4,6,26,22,29,44,64
2,0,4,2,18,26,8,8,4,20,8,4,8,6,0,6,8,12,4,2
24,34,40,46,52,52,75,80,60,90,139,68,88,69,68,196,277,160,114,122
12,26,24,14,20,24,34,34,42,40,32,27,28,18,18,34,58,20,54,52
12,10,8,16,8,8,10,32,38,40,38,24,32,18,12,24,46,26,36,52
2,18,18,14,25,26,26,29,26,38,29,20,24,28,30,32,24,48,35,36
0,8,8,10,10,14,4,16,16,26,16,32,14,4,16,18,20,30,2,20
16,10,36,26,14,4,36,10,18,26,42,16,4,22,14,8,28,30,12,20
24,26,24,34,60,40,28,32,30,20,27,18,20,8,12,18,22,38,16,26
22,34,39,48,72,54,47,54,82,44,56,54,54,26,16,43,40,44,70,48
2,0,6,10,4,0,4,2,4,6,10,8,10,2,4,6,22,10,4,12
40,12,28,30,38,16,18,42,36,38,24,20,12,6,18,23,12,43,46,22
8,6,6,6,2,22,4,8,10,20,4,6,2,0,4,12,2,10,16,14
44,51,32,28,50,30,34,46,56,68,44,26,26,32,38,28,42,66,40,30
66,32,36,36,42,30,46,48,46,48,32,28,36,40,14,18,16,36,32,48
2,8,4,0,8,6,8,14,8,10,28,4,4,16,2,16,8,20,14,18
2,8,6,8,4,4,8,6,4,4,18,8,6,0,4,8,6,0,6,14
2,2,8,12,8,6,10,14,12,14,16,8,14,4,12,16,12,8,6,34
6,14,12,38,30,8,16,38,43,74,44,24,20,4,16,14,40,38,20,56
8,4,8,30,32,6,4,38,36,16,37,18,14,6,2,28,10,24,26,24
32,16,34,45,38,38,56,76,56,169,120,62,52,46,30,58,56,48,54,70
22,16,6,27,27,19,50,48,42,34,42,32,28,32,2,28,21,10,18,54
8,2,0,12,26,4,12,24,16,10,22,6,14,0,4,0,4,8,6,8
12,2,6,18,6,20,48,12,24,40,34,10,18,14,20,40,16,16,28,34
2,4,7,2,20,4,4,6,4,40,14,18,0,14,2,16,4,16,22,22
12,16,12,22,6,16,20,16,22,36,16,14,12,10,14,34,7,16,18,12
0,4,0,2,6,6,4,24,14,30,8,6,0,7,0,14,0,0,6,10
4,2,0,6,4,6,2,2,0,6,8,4,6,0,0,4,0,6,0,4
0,0,8,6,20,2,10,4,4,10,6,2,6,2,0,0,2,4,6,2
2,10,18,12,8,16,12,32,28,20,14,16,15,4,18,16,12,42,24,34
12,0,12,8,14,6,2,14,18,12,23,18,8,4,4,20,8,44,12,24
12,4,18,26,24,14,14,62,15,16,10,18,31,8,8,50,18,18,10,6
36,4,27,22,36,16,10,30,30,18,38,35,22,12,16,30,30,52,18,34
2,2,2,10,11,2,8,0,0,10,12,22,0,8,0,8,4,14,4,4
4,0,0,4,8,2,0,0,2,18,0,2,2,0,0,0,4,2,2,2
2,2,0,4,14,11,4,0,27,30,6,16,2,0,8,6,2,14,4,4
8,16,10,14,16,28,22,22,42,38,22,18,14,6,14,18,2,24,12,38
0,0,2,12,8,14,14,6,16,18,4,14,8,0,8,4,10,22,8,8
2,0,19,8,12,6,6,6,18,18,8,6,2,14,4,2,8,8,2,0
